host,publisher,kind,pilot_type,country,confidence,source,review
comunidad.madrid,Comunidad de Madrid,institutions,authority,es,high,outlets.yaml,
madrid.org,Comunidad de Madrid,institutions,authority,es,high,outlets.yaml,
alertesfeux.fr,Alertesfeux,institutions,authority,fr,high,outlets.yaml,
bordeaux.aeroport.fr,Bordeaux-Mérignac Airport,institutions,authority,fr,high,outlets.yaml,
madridairport.es,Madrid-Barajas Airport,institutions,authority,es,high,outlets.yaml,
bordeauxmétropole.?,Bordeaux Métropole,institutions,authority,fr,high,outlets.yaml,
météo-france.?,Météo-France,institutions,authority,fr,high,outlets.yaml,
gov.uk.?,GOV.UK,institutions,authority,gb,high,outlets.yaml,
u.s.embassyspain.?,U.S. Embassy Spain,institutions,authority,us,high,outlets.yaml,
euaidoperations.?,EU Aid Operations,institutions,authority,eu,high,outlets.yaml,
supremecourt.gov,Supreme Court of the United States,institutions,authority,us,high,outlets.yaml,
flysas.com,Scandinavian Airlines,other,commercial,se,high,outlets.yaml,
reuters.com,Reuters,news media,wire,gb,high,outlets.yaml,
apnews.com,AP News,news media,wire,us,high,outlets.yaml,
afp.?,AFP,news media,wire,fr,high,outlets.yaml,
efe.?,EFE,news media,wire,es,high,outlets.yaml,
ansa.it,ANSA,news media,wire,it,high,outlets.yaml,
theguardian.com,The Guardian,news media,national_news,gb,high,outlets.yaml,
cnn.com,CNN,news media,national_news,us,high,outlets.yaml,
npr.org,NPR,news media,national_news,us,high,outlets.yaml,
pbs.org,PBS,news media,national_news,us,high,outlets.yaml,
nbcnews.com,NBC News,news media,national_news,us,high,outlets.yaml,
axios.com,Axios,news media,national_news,us,high,outlets.yaml,
bloomberg.com,Bloomberg,news media,national_news,us,high,outlets.yaml,
time.com,Time,news media,national_news,us,high,outlets.yaml,
thetimes.com,The Times,news media,national_news,gb,high,outlets.yaml,
news.sky.com,Sky News,news media,national_news,gb,high,outlets.yaml,
independent.co.uk,The Independent,news media,national_news,gb,high,outlets.yaml,
aljazeera.com,Al Jazeera,news media,national_news,qa,high,outlets.yaml,
euronews.com,Euronews,news media,national_news,eu,high,outlets.yaml,
france24.com,France 24,news media,national_news,fr,high,outlets.yaml,
francetvinfo.fr,Franceinfo,news media,national_news,fr,high,outlets.yaml,
lemonde.fr,Le Monde,news media,national_news,fr,high,outlets.yaml,
parismatch.com,Paris Match,news media,national_news,fr,high,outlets.yaml,
elpais.com,El País,news media,national_news,es,high,outlets.yaml,
elespanol.com,El Español,news media,national_news,es,high,outlets.yaml,
nypost.com,New York Post,news media,national_news,us,high,outlets.yaml,
rollcall.com,Roll Call,news media,national_news,us,high,outlets.yaml,
texastribune.org,The Texas Tribune,news media,local_news,us,high,outlets.yaml,
asharqal-awsat.?,Asharq Al-Awsat,news media,national_news,sa,high,outlets.yaml,
vpm.?,VPM,news media,local_news,us,provisional,outlets.yaml,yes
france3nouvelle-aquitaine.?,France 3 Nouvelle-Aquitaine,news media,local_news,fr,high,outlets.yaml,
thelocal.fr,The Local,news media,local_news,eu,high,outlets.yaml,
thelocal.es,The Local,news media,local_news,eu,high,outlets.yaml,
connexionfrance.com,Connexion France,news media,local_news,fr,high,outlets.yaml,
madriddispatch.?,Madrid Dispatch,news media,local_news,es,provisional,outlets.yaml,yes
russpain.com,Russpain,news media,local_news,es,provisional,outlets.yaml,yes
lasvocesdelpueblo.?,Las Voces del Pueblo,news media,local_news,es,provisional,outlets.yaml,yes
travelgossip.co.uk,Travel Gossip,news media,trade_travel,gb,high,outlets.yaml,
timeout.com,Time Out,news media,trade_travel,gb,high,outlets.yaml,
travelandtourworld.?,Travel And Tour World,news media,trade_travel,in,high,outlets.yaml,
traveldailynewsinternational.?,TravelDailyNews International,news media,trade_travel,gr,high,outlets.yaml,
travellingforbusiness.?,Travelling for Business,news media,trade_travel,gb,high,outlets.yaml,
travelweekly.com,Travel Weekly,news media,trade_travel,us,high,outlets.yaml,
aviation24.be,Aviation24,news media,trade_travel,be,high,outlets.yaml,
thetraveler.?,The Traveler,news media,trade_travel,us,provisional,outlets.yaml,yes
msn.com,MSN,other,aggregator,us,high,outlets.yaml,
news.google.com,Google News,other,aggregator,us,high,outlets.yaml,
news.yahoo.com,Yahoo News,other,aggregator,us,high,outlets.yaml,
youtube.com,YouTube,social media,ugc_platform,us,high,outlets.yaml,
youtu.be,YouTube,social media,ugc_platform,us,high,outlets.yaml,
reddit.com,Reddit,social media,ugc_platform,us,high,outlets.yaml,
x.com,X,social media,ugc_platform,us,high,outlets.yaml,
twitter.com,X,social media,ugc_platform,us,high,outlets.yaml,
tiktok.com,TikTok,social media,ugc_platform,us,high,outlets.yaml,
facebook.com,Facebook,social media,ugc_platform,us,high,outlets.yaml,
wikipedia.org,Wikipedia,other,reference,intl,high,outlets.yaml,
en.wikipedia.org,Wikipedia,other,reference,intl,high,outlets.yaml,
vertexaisearch.cloud.google.com,(Gemini redirect: resolve with resolve_gemini.py),,,,,pilot captures (115),yes
itv.com,ITV,news media,,,provisional,pilot captures (23),
volcanodiscovery.com,VolcanoDiscovery,other,,,provisional,pilot captures (20),
vigilance.meteofrance.fr,Météo-France,institutions,,,provisional,pilot captures (14),
go-etna.com,Go-Etna (tour operator),other,,,provisional,pilot captures (14),
cnbc.com,CNBC,news media,,,provisional,pilot captures (14),
watchers.news,The Watchers,other,,,provisional,pilot captures (8),
meteofrance.com,Météo-France,institutions,,,provisional,pilot captures (7),
support.google.com,Google support,other,,,provisional,pilot captures (7),
sussexexpress.co.uk,Sussex Express,news media,,,provisional,pilot captures (6),
visaverge.com,VisaVerge,other,,,provisional,pilot captures (6),
timeanddate.com,timeanddate.com,other,,,provisional,pilot captures (5),
whitehouse.gov,The White House,institutions,,,provisional,pilot captures (5),
cbc.ca,CBC,news media,,,provisional,pilot captures (5),
jeanmarcmorandini.com,Jean-Marc Morandini (blog),other,,,provisional,pilot captures (4),
theglobeandmail.com,The Globe and Mail,news media,,,provisional,pilot captures (4),
detroitnews.com,The Detroit News,news media,,,provisional,pilot captures (4),
fr.news.yahoo.com,Yahoo News France (aggregator),other,,,provisional,pilot captures (3),
canada.ca,Government of Canada,institutions,,,provisional,pilot captures (3),
networkrailmediacentre.co.uk,Network Rail,institutions,,,provisional,pilot captures (2),
jonroma.net,jonroma.net (personal site),other,,,provisional,pilot captures (2),
ct.ingv.it,INGV Osservatorio Etneo,institutions,,,provisional,pilot captures (2),
ustr.gov,US Trade Representative,institutions,,,provisional,pilot captures (2),
wiley.law,Wiley (law firm),other,,,provisional,pilot captures (2),
pm.gc.ca,Prime Minister of Canada,institutions,,,provisional,pilot captures (2),
estofex.org,ESTOFEX,other,,,provisional,pilot captures (1),
meteo.franceinfo.fr,France Info météo,news media,,,provisional,pilot captures (1),
meteoconsult.fr,Météo Consult,other,,,provisional,pilot captures (1),
marketscreener.com,MarketScreener,other,,,provisional,pilot captures (1),
vigi.meteofrance.fr,Météo-France,institutions,,,provisional,pilot captures (1),
actualite.lachainemeteo.com,La Chaîne Météo,other,,,provisional,pilot captures (1),
gdacs.org,GDACS,institutions,,,provisional,pilot captures (1),
rainews.it,Rai News,news media,,,provisional,pilot captures (1),
waff.com,WAFF,news media,,,provisional,pilot captures (1),
rtl.it,RTL 102.5,news media,,,provisional,pilot captures (1),
ilmeteo.it,ilMeteo.it,other,,,provisional,pilot captures (1),
weather2travel.com,Weather2Travel,other,,,provisional,pilot captures (1),
turismoroma.it,Turismo Roma,institutions,,,provisional,pilot captures (1),
streetinsider.com,StreetInsider,other,,,provisional,pilot captures (1),
budget.canada.ca,Government of Canada,institutions,,,provisional,pilot captures (1),
thedailybeast.com,The Daily Beast,news media,,,provisional,pilot captures (1),
blakes.com,Blakes (law firm),other,,,provisional,pilot captures (1),
washingtonpost.com,The Washington Post,news media,,,provisional,pilot captures (1),
accuweather.com,AccuWeather,other,,,provisional,pilot captures (1),
wunderground.com,Weather Underground,other,,,provisional,pilot captures (1),
leparisien.fr,Le Parisien,news media,,fr,provisional,pilot captures (gemini title),
sudouest.fr,Sud Ouest,news media,,fr,provisional,pilot captures (gemini title),
linternaute.com,L'Internaute,news media,,fr,provisional,pilot captures (gemini title),
